Kinase,Source Protein,Target Protein,Interaction Score
AURKA,9606.ENSP00000216911,9606.ENSP00000288207,0.988
AURKA,9606.ENSP00000216911,9606.ENSP00000368759,0.99
AURKA,9606.ENSP00000216911,9606.ENSP00000301633,0.993
AURKA,9606.ENSP00000216911,9606.ENSP00000378295,0.994
AURKA,9606.ENSP00000216911,9606.ENSP00000361540,0.995
AURKA,9606.ENSP00000216911,9606.ENSP00000300093,0.997
AURKA,9606.ENSP00000216911,9606.ENSP00000326550,0.998
AURKA,9606.ENSP00000216911,9606.ENSP00000281043,0.998
AURKA,9606.ENSP00000216911,9606.ENSP00000269305,0.998
AURKA,9606.ENSP00000216911,9606.ENSP00000300403,0.999
AURKA,9606.ENSP00000269305,9606.ENSP00000281043,0.852
AURKA,9606.ENSP00000269305,9606.ENSP00000300403,0.903
AURKA,9606.ENSP00000269305,9606.ENSP00000301633,0.93
AURKA,9606.ENSP00000269305,9606.ENSP00000300093,0.981
AURKA,9606.ENSP00000288207,9606.ENSP00000300403,0.953
AURKA,9606.ENSP00000288207,9606.ENSP00000301633,0.993
AURKA,9606.ENSP00000288207,9606.ENSP00000300093,0.995
AURKA,9606.ENSP00000288207,9606.ENSP00000361540,0.999
AURKA,9606.ENSP00000300093,9606.ENSP00000326550,0.884
AURKA,9606.ENSP00000300093,9606.ENSP00000300403,0.944
AURKA,9606.ENSP00000300093,9606.ENSP00000378295,0.978
AURKA,9606.ENSP00000300093,9606.ENSP00000301633,0.98
AURKA,9606.ENSP00000300093,9606.ENSP00000361540,0.999
AURKA,9606.ENSP00000300403,9606.ENSP00000326550,0.786
AURKA,9606.ENSP00000300403,9606.ENSP00000301633,0.952
AURKA,9606.ENSP00000300403,9606.ENSP00000361540,0.961
AURKA,9606.ENSP00000301633,9606.ENSP00000326550,0.725
AURKA,9606.ENSP00000301633,9606.ENSP00000361540,0.995
AURKA,9606.ENSP00000301633,9606.ENSP00000378295,0.999
AURKA,9606.ENSP00000326550,9606.ENSP00000378295,0.742
AURKA,9606.ENSP00000326550,9606.ENSP00000361540,0.842
AURKA,9606.ENSP00000361540,9606.ENSP00000378295,0.964
PAK1,9606.ENSP00000233154,9606.ENSP00000495631,0.86
PAK1,9606.ENSP00000233154,9606.ENSP00000249071,0.915
PAK1,9606.ENSP00000233154,9606.ENSP00000304283,0.919
PAK1,9606.ENSP00000233154,9606.ENSP00000417273,0.979
PAK1,9606.ENSP00000233154,9606.ENSP00000278568,0.991
PAK1,9606.ENSP00000249071,9606.ENSP00000348461,0.823
PAK1,9606.ENSP00000249071,9606.ENSP00000451828,0.864
PAK1,9606.ENSP00000249071,9606.ENSP00000497733,0.943
PAK1,9606.ENSP00000249071,9606.ENSP00000495631,0.947
PAK1,9606.ENSP00000249071,9606.ENSP00000250617,0.966
PAK1,9606.ENSP00000249071,9606.ENSP00000278568,0.967
PAK1,9606.ENSP00000249071,9606.ENSP00000304283,0.976
PAK1,9606.ENSP00000250617,9606.ENSP00000348461,0.818
PAK1,9606.ENSP00000250617,9606.ENSP00000304283,0.927
PAK1,9606.ENSP00000250617,9606.ENSP00000417273,0.93
PAK1,9606.ENSP00000250617,9606.ENSP00000497733,0.985
PAK1,9606.ENSP00000250617,9606.ENSP00000495631,0.99
PAK1,9606.ENSP00000250617,9606.ENSP00000278568,0.995
PAK1,9606.ENSP00000278568,9606.ENSP00000336740,0.967
PAK1,9606.ENSP00000278568,9606.ENSP00000451828,0.994
PAK1,9606.ENSP00000278568,9606.ENSP00000495631,0.995
PAK1,9606.ENSP00000278568,9606.ENSP00000304283,0.996
PAK1,9606.ENSP00000278568,9606.ENSP00000417273,0.998
PAK1,9606.ENSP00000278568,9606.ENSP00000497733,0.999
PAK1,9606.ENSP00000278568,9606.ENSP00000348461,0.999
PAK1,9606.ENSP00000304283,9606.ENSP00000348461,0.918
PAK1,9606.ENSP00000304283,9606.ENSP00000495631,0.927
PAK1,9606.ENSP00000304283,9606.ENSP00000497733,0.932
PAK1,9606.ENSP00000336740,9606.ENSP00000348461,0.732
PAK1,9606.ENSP00000336740,9606.ENSP00000497733,0.868
PAK1,9606.ENSP00000348461,9606.ENSP00000417273,0.735
PAK1,9606.ENSP00000348461,9606.ENSP00000451828,0.865
PAK1,9606.ENSP00000348461,9606.ENSP00000497733,0.872
PAK1,9606.ENSP00000348461,9606.ENSP00000495631,0.957
PAK1,9606.ENSP00000417273,9606.ENSP00000451828,0.703
PAK1,9606.ENSP00000417273,9606.ENSP00000497733,0.973
PAK1,9606.ENSP00000451828,9606.ENSP00000495631,0.808
PAK1,9606.ENSP00000451828,9606.ENSP00000497733,0.999
PAK1,9606.ENSP00000495631,9606.ENSP00000497733,0.999
PDGFRB,9606.ENSP00000244007,9606.ENSP00000489597,0.748
PDGFRB,9606.ENSP00000244007,9606.ENSP00000362680,0.936
PDGFRB,9606.ENSP00000244007,9606.ENSP00000428056,0.967
PDGFRB,9606.ENSP00000244007,9606.ENSP00000275493,0.997
PDGFRB,9606.ENSP00000244007,9606.ENSP00000261799,0.999
PDGFRB,9606.ENSP00000244007,9606.ENSP00000376345,0.999
PDGFRB,9606.ENSP00000261799,9606.ENSP00000275493,0.998
PDGFRB,9606.ENSP00000261799,9606.ENSP00000346508,0.999
PDGFRB,9606.ENSP00000261799,9606.ENSP00000489597,0.999
PDGFRB,9606.ENSP00000261799,9606.ENSP00000330382,0.999
PDGFRB,9606.ENSP00000261799,9606.ENSP00000428056,0.999
PDGFRB,9606.ENSP00000261799,9606.ENSP00000376865,0.999
PDGFRB,9606.ENSP00000261799,9606.ENSP00000376345,0.999
PDGFRB,9606.ENSP00000261799,9606.ENSP00000362680,0.999
PDGFRB,9606.ENSP00000261799,9606.ENSP00000422464,0.999
PDGFRB,9606.ENSP00000275493,9606.ENSP00000376865,0.932
PDGFRB,9606.ENSP00000275493,9606.ENSP00000422464,0.961
PDGFRB,9606.ENSP00000275493,9606.ENSP00000346508,0.964
PDGFRB,9606.ENSP00000275493,9606.ENSP00000330382,0.968
PDGFRB,9606.ENSP00000275493,9606.ENSP00000428056,0.998
PDGFRB,9606.ENSP00000275493,9606.ENSP00000489597,0.999
PDGFRB,9606.ENSP00000275493,9606.ENSP00000376345,0.999
PDGFRB,9606.ENSP00000275493,9606.ENSP00000362680,0.999
PDGFRB,9606.ENSP00000330382,9606.ENSP00000376865,0.99
PDGFRB,9606.ENSP00000330382,9606.ENSP00000422464,0.996
PDGFRB,9606.ENSP00000330382,9606.ENSP00000346508,0.998
PDGFRB,9606.ENSP00000346508,9606.ENSP00000376865,0.991
PDGFRB,9606.ENSP00000346508,9606.ENSP00000422464,0.995
PDGFRB,9606.ENSP00000362680,9606.ENSP00000489597,0.998
PDGFRB,9606.ENSP00000362680,9606.ENSP00000428056,0.998
PDGFRB,9606.ENSP00000362680,9606.ENSP00000376345,0.999
PDGFRB,9606.ENSP00000376345,9606.ENSP00000428056,0.998
PDGFRB,9606.ENSP00000376345,9606.ENSP00000489597,0.999
PDGFRB,9606.ENSP00000376865,9606.ENSP00000422464,0.985
PDGFRB,9606.ENSP00000428056,9606.ENSP00000489597,0.996
LYN,9606.ENSP00000221972,9606.ENSP00000472929,0.753
LYN,9606.ENSP00000221972,9606.ENSP00000346671,0.932
LYN,9606.ENSP00000221972,9606.ENSP00000483570,0.955
LYN,9606.ENSP00000221972,9606.ENSP00000364898,0.996
LYN,9606.ENSP00000221972,9606.ENSP00000224337,0.998
LYN,9606.ENSP00000221972,9606.ENSP00000313419,0.998
LYN,9606.ENSP00000221972,9606.ENSP00000376544,0.999
LYN,9606.ENSP00000221972,9606.ENSP00000428924,0.999
LYN,9606.ENSP00000224337,9606.ENSP00000346671,0.807
LYN,9606.ENSP00000224337,9606.ENSP00000313419,0.932
LYN,9606.ENSP00000224337,9606.ENSP00000376544,0.961
LYN,9606.ENSP00000224337,9606.ENSP00000428924,0.999
LYN,9606.ENSP00000224337,9606.ENSP00000472929,0.999
LYN,9606.ENSP00000224337,9606.ENSP00000483570,0.999
LYN,9606.ENSP00000224337,9606.ENSP00000364898,0.999
LYN,9606.ENSP00000308782,9606.ENSP00000472929,0.74
LYN,9606.ENSP00000308782,9606.ENSP00000364898,0.872
LYN,9606.ENSP00000308782,9606.ENSP00000346671,0.996
LYN,9606.ENSP00000308782,9606.ENSP00000428924,0.997
LYN,9606.ENSP00000313419,9606.ENSP00000483570,0.887
LYN,9606.ENSP00000313419,9606.ENSP00000364898,0.983
LYN,9606.ENSP00000313419,9606.ENSP00000376544,0.991
LYN,9606.ENSP00000313419,9606.ENSP00000472929,0.997
LYN,9606.ENSP00000313419,9606.ENSP00000428924,0.999
LYN,9606.ENSP00000346671,9606.ENSP00000376544,0.837
LYN,9606.ENSP00000346671,9606.ENSP00000483570,0.876
LYN,9606.ENSP00000346671,9606.ENSP00000472929,0.959
LYN,9606.ENSP00000346671,9606.ENSP00000364898,0.983
LYN,9606.ENSP00000346671,9606.ENSP00000401303,0.995
LYN,9606.ENSP00000346671,9606.ENSP00000428924,0.996
LYN,9606.ENSP00000364898,9606.ENSP00000401303,0.957
LYN,9606.ENSP00000364898,9606.ENSP00000376544,0.997
LYN,9606.ENSP00000364898,9606.ENSP00000472929,0.999
LYN,9606.ENSP00000364898,9606.ENSP00000428924,0.999
LYN,9606.ENSP00000364898,9606.ENSP00000483570,0.999
LYN,9606.ENSP00000376544,9606.ENSP00000472929,0.704
LYN,9606.ENSP00000376544,9606.ENSP00000483570,0.965
LYN,9606.ENSP00000376544,9606.ENSP00000428924,0.997
LYN,9606.ENSP00000401303,9606.ENSP00000483570,0.759
LYN,9606.ENSP00000401303,9606.ENSP00000472929,0.84
LYN,9606.ENSP00000401303,9606.ENSP00000428924,0.991
LYN,9606.ENSP00000428924,9606.ENSP00000472929,0.993
LYN,9606.ENSP00000428924,9606.ENSP00000483570,0.997
LYN,9606.ENSP00000472929,9606.ENSP00000483570,0.996
EGFR,9606.ENSP00000052754,9606.ENSP00000267101,0.913
EGFR,9606.ENSP00000052754,9606.ENSP00000265171,0.917
EGFR,9606.ENSP00000052754,9606.ENSP00000269571,0.958
EGFR,9606.ENSP00000052754,9606.ENSP00000275493,0.999
EGFR,9606.ENSP00000230990,9606.ENSP00000269571,0.944
EGFR,9606.ENSP00000230990,9606.ENSP00000244869,0.959
EGFR,9606.ENSP00000230990,9606.ENSP00000267101,0.991
EGFR,9606.ENSP00000230990,9606.ENSP00000265171,0.992
EGFR,9606.ENSP00000230990,9606.ENSP00000275493,0.999
EGFR,9606.ENSP00000244869,9606.ENSP00000269571,0.86
EGFR,9606.ENSP00000244869,9606.ENSP00000265171,0.958
EGFR,9606.ENSP00000244869,9606.ENSP00000267101,0.982
EGFR,9606.ENSP00000244869,9606.ENSP00000275493,0.999
EGFR,9606.ENSP00000261769,9606.ENSP00000265171,0.852
EGFR,9606.ENSP00000261769,9606.ENSP00000267101,0.856
EGFR,9606.ENSP00000261769,9606.ENSP00000269571,0.97
EGFR,9606.ENSP00000261769,9606.ENSP00000275493,0.999
EGFR,9606.ENSP00000262995,9606.ENSP00000265171,0.826
EGFR,9606.ENSP00000262995,9606.ENSP00000263967,0.92
EGFR,9606.ENSP00000262995,9606.ENSP00000267101,0.932
EGFR,9606.ENSP00000262995,9606.ENSP00000269571,0.948
EGFR,9606.ENSP00000262995,9606.ENSP00000275493,0.999
EGFR,9606.ENSP00000263967,9606.ENSP00000265171,0.746
EGFR,9606.ENSP00000263967,9606.ENSP00000264033,0.887
EGFR,9606.ENSP00000263967,9606.ENSP00000269571,0.992
EGFR,9606.ENSP00000263967,9606.ENSP00000267101,0.993
EGFR,9606.ENSP00000263967,9606.ENSP00000275493,0.999
EGFR,9606.ENSP00000264033,9606.ENSP00000267101,0.732
EGFR,9606.ENSP00000264033,9606.ENSP00000265171,0.859
EGFR,9606.ENSP00000264033,9606.ENSP00000269571,0.944
EGFR,9606.ENSP00000264033,9606.ENSP00000275493,0.999
EGFR,9606.ENSP00000265171,9606.ENSP00000269571,0.999
EGFR,9606.ENSP00000265171,9606.ENSP00000275493,0.999
EGFR,9606.ENSP00000265171,9606.ENSP00000267101,0.999
EGFR,9606.ENSP00000267101,9606.ENSP00000275493,0.999
EGFR,9606.ENSP00000267101,9606.ENSP00000269571,0.999
EGFR,9606.ENSP00000269571,9606.ENSP00000275493,0.999
AKT1,9606.ENSP00000258149,9606.ENSP00000360609,0.753
AKT1,9606.ENSP00000258149,9606.ENSP00000368880,0.774
AKT1,9606.ENSP00000258149,9606.ENSP00000335153,0.909
AKT1,9606.ENSP00000258149,9606.ENSP00000339527,0.995
AKT1,9606.ENSP00000258149,9606.ENSP00000451828,0.999
AKT1,9606.ENSP00000262719,9606.ENSP00000451828,0.999
AKT1,9606.ENSP00000263967,9606.ENSP00000368880,0.726
AKT1,9606.ENSP00000263967,9606.ENSP00000335153,0.837
AKT1,9606.ENSP00000263967,9606.ENSP00000354558,0.963
AKT1,9606.ENSP00000263967,9606.ENSP00000344220,0.976
AKT1,9606.ENSP00000263967,9606.ENSP00000497733,0.982
AKT1,9606.ENSP00000263967,9606.ENSP00000451828,0.998
AKT1,9606.ENSP00000335153,9606.ENSP00000344220,0.845
AKT1,9606.ENSP00000335153,9606.ENSP00000360609,0.997
AKT1,9606.ENSP00000335153,9606.ENSP00000354558,0.998
AKT1,9606.ENSP00000335153,9606.ENSP00000451828,0.999
AKT1,9606.ENSP00000339527,9606.ENSP00000354558,0.747
AKT1,9606.ENSP00000339527,9606.ENSP00000368880,0.955
AKT1,9606.ENSP00000339527,9606.ENSP00000451828,0.998
AKT1,9606.ENSP00000344220,9606.ENSP00000368880,0.702
AKT1,9606.ENSP00000344220,9606.ENSP00000354558,0.848
AKT1,9606.ENSP00000344220,9606.ENSP00000451828,0.999
AKT1,9606.ENSP00000354558,9606.ENSP00000368880,0.758
AKT1,9606.ENSP00000354558,9606.ENSP00000360609,0.998
AKT1,9606.ENSP00000354558,9606.ENSP00000451828,0.999
AKT1,9606.ENSP00000360609,9606.ENSP00000451828,0.999
AKT1,9606.ENSP00000368880,9606.ENSP00000451828,0.999
AKT1,9606.ENSP00000451828,9606.ENSP00000497733,0.999
TGFBR1,9606.ENSP00000221930,9606.ENSP00000340361,0.742
TGFBR1,9606.ENSP00000221930,9606.ENSP00000262435,0.828
TGFBR1,9606.ENSP00000221930,9606.ENSP00000262160,0.983
TGFBR1,9606.ENSP00000221930,9606.ENSP00000238682,0.988
TGFBR1,9606.ENSP00000221930,9606.ENSP00000262158,0.989
TGFBR1,9606.ENSP00000221930,9606.ENSP00000332973,0.99
TGFBR1,9606.ENSP00000221930,9606.ENSP00000447297,0.999
TGFBR1,9606.ENSP00000221930,9606.ENSP00000351905,0.999
TGFBR1,9606.ENSP00000238682,9606.ENSP00000262158,0.783
TGFBR1,9606.ENSP00000238682,9606.ENSP00000332973,0.865
TGFBR1,9606.ENSP00000238682,9606.ENSP00000262160,0.865
TGFBR1,9606.ENSP00000238682,9606.ENSP00000447297,0.999
TGFBR1,9606.ENSP00000238682,9606.ENSP00000351905,0.999
TGFBR1,9606.ENSP00000257868,9606.ENSP00000340361,0.999
TGFBR1,9606.ENSP00000257868,9606.ENSP00000447297,0.999
TGFBR1,9606.ENSP00000260950,9606.ENSP00000351905,0.847
TGFBR1,9606.ENSP00000260950,9606.ENSP00000332973,0.863
TGFBR1,9606.ENSP00000260950,9606.ENSP00000262160,0.915
TGFBR1,9606.ENSP00000260950,9606.ENSP00000447297,0.999
TGFBR1,9606.ENSP00000260950,9606.ENSP00000340361,0.999
TGFBR1,9606.ENSP00000262158,9606.ENSP00000340361,0.829
TGFBR1,9606.ENSP00000262158,9606.ENSP00000332973,0.976
TGFBR1,9606.ENSP00000262158,9606.ENSP00000262160,0.983
TGFBR1,9606.ENSP00000262158,9606.ENSP00000351905,0.994
TGFBR1,9606.ENSP00000262158,9606.ENSP00000262435,0.999
TGFBR1,9606.ENSP00000262158,9606.ENSP00000447297,0.999
TGFBR1,9606.ENSP00000262160,9606.ENSP00000340361,0.983
TGFBR1,9606.ENSP00000262160,9606.ENSP00000351905,0.998
TGFBR1,9606.ENSP00000262160,9606.ENSP00000332973,0.999
TGFBR1,9606.ENSP00000262160,9606.ENSP00000447297,0.999
TGFBR1,9606.ENSP00000262160,9606.ENSP00000262435,0.999
TGFBR1,9606.ENSP00000262435,9606.ENSP00000351905,0.981
TGFBR1,9606.ENSP00000262435,9606.ENSP00000332973,0.997
TGFBR1,9606.ENSP00000262435,9606.ENSP00000447297,0.999
TGFBR1,9606.ENSP00000332973,9606.ENSP00000340361,0.968
TGFBR1,9606.ENSP00000332973,9606.ENSP00000351905,0.998
TGFBR1,9606.ENSP00000332973,9606.ENSP00000447297,0.999
TGFBR1,9606.ENSP00000340361,9606.ENSP00000351905,0.831
TGFBR1,9606.ENSP00000340361,9606.ENSP00000447297,0.999
TGFBR1,9606.ENSP00000351905,9606.ENSP00000447297,0.999
DYRK1,9606.ENSP00000239906,9606.ENSP00000483236,0.778
DYRK1,9606.ENSP00000239906,9606.ENSP00000340373,0.9
DYRK1,9606.ENSP00000281928,9606.ENSP00000340373,0.82
DYRK1,9606.ENSP00000299563,9606.ENSP00000483236,0.797
DYRK1,9606.ENSP00000299563,9606.ENSP00000340373,0.932
DYRK1,9606.ENSP00000340373,9606.ENSP00000389377,0.819
DYRK1,9606.ENSP00000340373,9606.ENSP00000498603,0.842
DYRK1,9606.ENSP00000340373,9606.ENSP00000370527,0.881
DYRK1,9606.ENSP00000340373,9606.ENSP00000376071,0.882
DYRK1,9606.ENSP00000340373,9606.ENSP00000451812,0.903
DYRK1,9606.ENSP00000340373,9606.ENSP00000386520,0.925
DYRK1,9606.ENSP00000340373,9606.ENSP00000483236,0.997
DYRK1,9606.ENSP00000370527,9606.ENSP00000389377,0.79
DYRK1,9606.ENSP00000376071,9606.ENSP00000483236,0.779
DYRK1,9606.ENSP00000386520,9606.ENSP00000483236,0.792
MTOR,9606.ENSP00000225577,9606.ENSP00000265960,0.883
MTOR,9606.ENSP00000225577,9606.ENSP00000262850,0.913
MTOR,9606.ENSP00000225577,9606.ENSP00000262187,0.968
MTOR,9606.ENSP00000225577,9606.ENSP00000340691,0.972
MTOR,9606.ENSP00000225577,9606.ENSP00000296782,0.981
MTOR,9606.ENSP00000225577,9606.ENSP00000286234,0.991
MTOR,9606.ENSP00000225577,9606.ENSP00000307272,0.999
MTOR,9606.ENSP00000225577,9606.ENSP00000354558,0.999
MTOR,9606.ENSP00000262187,9606.ENSP00000265960,0.763
MTOR,9606.ENSP00000262187,9606.ENSP00000324560,0.83
MTOR,9606.ENSP00000262187,9606.ENSP00000296782,0.886
MTOR,9606.ENSP00000262187,9606.ENSP00000262850,0.969
MTOR,9606.ENSP00000262187,9606.ENSP00000340691,0.979
MTOR,9606.ENSP00000262187,9606.ENSP00000286234,0.988
MTOR,9606.ENSP00000262187,9606.ENSP00000307272,0.999
MTOR,9606.ENSP00000262187,9606.ENSP00000354558,0.999
MTOR,9606.ENSP00000262319,9606.ENSP00000265960,0.825
MTOR,9606.ENSP00000262319,9606.ENSP00000286234,0.946
MTOR,9606.ENSP00000262319,9606.ENSP00000296782,0.984
MTOR,9606.ENSP00000262319,9606.ENSP00000307272,0.991
MTOR,9606.ENSP00000262319,9606.ENSP00000354558,0.999
MTOR,9606.ENSP00000262850,9606.ENSP00000296782,0.705
MTOR,9606.ENSP00000262850,9606.ENSP00000340691,0.781
MTOR,9606.ENSP00000262850,9606.ENSP00000286234,0.82
MTOR,9606.ENSP00000262850,9606.ENSP00000307272,0.999
MTOR,9606.ENSP00000262850,9606.ENSP00000354558,0.999
MTOR,9606.ENSP00000265960,9606.ENSP00000340691,0.753
MTOR,9606.ENSP00000265960,9606.ENSP00000307272,0.996
MTOR,9606.ENSP00000265960,9606.ENSP00000286234,0.999
MTOR,9606.ENSP00000265960,9606.ENSP00000296782,0.999
MTOR,9606.ENSP00000265960,9606.ENSP00000354558,0.999
MTOR,9606.ENSP00000286234,9606.ENSP00000324560,0.951
MTOR,9606.ENSP00000286234,9606.ENSP00000307272,0.999
MTOR,9606.ENSP00000286234,9606.ENSP00000354558,0.999
MTOR,9606.ENSP00000286234,9606.ENSP00000296782,0.999
MTOR,9606.ENSP00000296782,9606.ENSP00000340691,0.884
MTOR,9606.ENSP00000296782,9606.ENSP00000354558,0.999
MTOR,9606.ENSP00000296782,9606.ENSP00000307272,0.999
MTOR,9606.ENSP00000307272,9606.ENSP00000324560,0.996
MTOR,9606.ENSP00000307272,9606.ENSP00000354558,0.999
MTOR,9606.ENSP00000307272,9606.ENSP00000340691,0.999
MTOR,9606.ENSP00000324560,9606.ENSP00000354558,0.999
MTOR,9606.ENSP00000340691,9606.ENSP00000354558,0.999
CDK1,9606.ENSP00000255465,9606.ENSP00000288207,0.739
CDK1,9606.ENSP00000255465,9606.ENSP00000287598,0.84
CDK1,9606.ENSP00000255465,9606.ENSP00000364976,0.845
CDK1,9606.ENSP00000255465,9606.ENSP00000256442,0.847
CDK1,9606.ENSP00000255465,9606.ENSP00000321656,0.878
CDK1,9606.ENSP00000255465,9606.ENSP00000311083,0.947
CDK1,9606.ENSP00000255465,9606.ENSP00000383611,0.95
CDK1,9606.ENSP00000255465,9606.ENSP00000481380,0.977
CDK1,9606.ENSP00000255465,9606.ENSP00000361540,0.982
CDK1,9606.ENSP00000255465,9606.ENSP00000378699,0.999
CDK1,9606.ENSP00000256442,9606.ENSP00000383611,0.909
CDK1,9606.ENSP00000256442,9606.ENSP00000321656,0.991
CDK1,9606.ENSP00000256442,9606.ENSP00000481380,0.995
CDK1,9606.ENSP00000256442,9606.ENSP00000288207,0.998
CDK1,9606.ENSP00000256442,9606.ENSP00000311083,0.998
CDK1,9606.ENSP00000256442,9606.ENSP00000287598,0.998
CDK1,9606.ENSP00000256442,9606.ENSP00000364976,0.999
CDK1,9606.ENSP00000256442,9606.ENSP00000361540,0.999
CDK1,9606.ENSP00000256442,9606.ENSP00000378699,0.999
CDK1,9606.ENSP00000287598,9606.ENSP00000321656,0.809
CDK1,9606.ENSP00000287598,9606.ENSP00000288207,0.993
CDK1,9606.ENSP00000287598,9606.ENSP00000481380,0.994
CDK1,9606.ENSP00000287598,9606.ENSP00000361540,0.999
CDK1,9606.ENSP00000287598,9606.ENSP00000378699,0.999
CDK1,9606.ENSP00000288207,9606.ENSP00000383611,0.833
CDK1,9606.ENSP00000288207,9606.ENSP00000311083,0.952
CDK1,9606.ENSP00000288207,9606.ENSP00000481380,0.965
CDK1,9606.ENSP00000288207,9606.ENSP00000364976,0.976
CDK1,9606.ENSP00000288207,9606.ENSP00000321656,0.993
CDK1,9606.ENSP00000288207,9606.ENSP00000378699,0.999
CDK1,9606.ENSP00000288207,9606.ENSP00000361540,0.999
CDK1,9606.ENSP00000311083,9606.ENSP00000361540,0.971
CDK1,9606.ENSP00000311083,9606.ENSP00000364976,0.993
CDK1,9606.ENSP00000311083,9606.ENSP00000378699,0.999
CDK1,9606.ENSP00000311083,9606.ENSP00000481380,0.999
CDK1,9606.ENSP00000321656,9606.ENSP00000361540,0.9
CDK1,9606.ENSP00000321656,9606.ENSP00000481380,0.956
CDK1,9606.ENSP00000321656,9606.ENSP00000378699,0.999
CDK1,9606.ENSP00000361540,9606.ENSP00000383611,0.813
CDK1,9606.ENSP00000361540,9606.ENSP00000364976,0.971
CDK1,9606.ENSP00000361540,9606.ENSP00000481380,0.999
CDK1,9606.ENSP00000361540,9606.ENSP00000378699,0.999
CDK1,9606.ENSP00000364976,9606.ENSP00000481380,0.99
CDK1,9606.ENSP00000364976,9606.ENSP00000378699,0.999
CDK1,9606.ENSP00000378699,9606.ENSP00000481380,0.999
CDK1,9606.ENSP00000378699,9606.ENSP00000383611,0.999
CDK1,9606.ENSP00000383611,9606.ENSP00000481380,0.958
CAMKK1,9606.ENSP00000256460,9606.ENSP00000371188,0.713
CAMKK1,9606.ENSP00000256460,9606.ENSP00000312741,0.748
CAMKK1,9606.ENSP00000256460,9606.ENSP00000304643,0.946
CAMKK1,9606.ENSP00000256460,9606.ENSP00000419081,0.949
CAMKK1,9606.ENSP00000256460,9606.ENSP00000369689,0.956
CAMKK1,9606.ENSP00000256460,9606.ENSP00000315299,0.958
CAMKK1,9606.ENSP00000256460,9606.ENSP00000499797,0.969
CAMKK1,9606.ENSP00000256460,9606.ENSP00000499717,0.982
CAMKK1,9606.ENSP00000256460,9606.ENSP00000291295,0.998
CAMKK1,9606.ENSP00000282356,9606.ENSP00000499717,0.873
CAMKK1,9606.ENSP00000282356,9606.ENSP00000312741,0.945
CAMKK1,9606.ENSP00000282356,9606.ENSP00000371188,0.947
CAMKK1,9606.ENSP00000282356,9606.ENSP00000419081,0.998
CAMKK1,9606.ENSP00000282356,9606.ENSP00000369689,0.998
CAMKK1,9606.ENSP00000282356,9606.ENSP00000315299,0.998
CAMKK1,9606.ENSP00000282356,9606.ENSP00000304643,0.998
CAMKK1,9606.ENSP00000282356,9606.ENSP00000291295,0.998
CAMKK1,9606.ENSP00000291295,9606.ENSP00000499717,0.931
CAMKK1,9606.ENSP00000291295,9606.ENSP00000499797,0.959
CAMKK1,9606.ENSP00000291295,9606.ENSP00000419081,0.996
CAMKK1,9606.ENSP00000291295,9606.ENSP00000369689,0.996
CAMKK1,9606.ENSP00000291295,9606.ENSP00000315299,0.996
CAMKK1,9606.ENSP00000291295,9606.ENSP00000304643,0.996
CAMKK1,9606.ENSP00000291295,9606.ENSP00000371188,0.998
CAMKK1,9606.ENSP00000291295,9606.ENSP00000312741,0.999
CAMKK1,9606.ENSP00000304643,9606.ENSP00000419081,0.961
CAMKK1,9606.ENSP00000304643,9606.ENSP00000315299,0.962
CAMKK1,9606.ENSP00000304643,9606.ENSP00000369689,0.963
CAMKK1,9606.ENSP00000304643,9606.ENSP00000371188,0.985
CAMKK1,9606.ENSP00000304643,9606.ENSP00000312741,0.997
CAMKK1,9606.ENSP00000312741,9606.ENSP00000499717,0.816
CAMKK1,9606.ENSP00000312741,9606.ENSP00000371188,0.908
CAMKK1,9606.ENSP00000312741,9606.ENSP00000419081,0.997
CAMKK1,9606.ENSP00000312741,9606.ENSP00000315299,0.998
CAMKK1,9606.ENSP00000312741,9606.ENSP00000369689,0.998
CAMKK1,9606.ENSP00000315299,9606.ENSP00000419081,0.963
CAMKK1,9606.ENSP00000315299,9606.ENSP00000369689,0.967
CAMKK1,9606.ENSP00000315299,9606.ENSP00000371188,0.987
CAMKK1,9606.ENSP00000369689,9606.ENSP00000419081,0.964
CAMKK1,9606.ENSP00000369689,9606.ENSP00000371188,0.987
CAMKK1,9606.ENSP00000371188,9606.ENSP00000499797,0.927
CAMKK1,9606.ENSP00000371188,9606.ENSP00000499717,0.976
CAMKK1,9606.ENSP00000371188,9606.ENSP00000419081,0.985
CAMKK1,9606.ENSP00000499717,9606.ENSP00000499797,0.939
ATM,9606.ENSP00000233146,9606.ENSP00000265433,0.824
ATM,9606.ENSP00000233146,9606.ENSP00000325863,0.847
ATM,9606.ENSP00000233146,9606.ENSP00000343741,0.91
ATM,9606.ENSP00000233146,9606.ENSP00000372023,0.934
ATM,9606.ENSP00000233146,9606.ENSP00000269305,0.974
ATM,9606.ENSP00000233146,9606.ENSP00000418960,0.994
ATM,9606.ENSP00000233146,9606.ENSP00000234420,0.999
ATM,9606.ENSP00000233146,9606.ENSP00000278616,0.999
ATM,9606.ENSP00000234420,9606.ENSP00000343741,0.824
ATM,9606.ENSP00000234420,9606.ENSP00000269305,0.826
ATM,9606.ENSP00000234420,9606.ENSP00000325863,0.862
ATM,9606.ENSP00000234420,9606.ENSP00000372023,0.89
ATM,9606.ENSP00000234420,9606.ENSP00000265433,0.907
ATM,9606.ENSP00000234420,9606.ENSP00000418960,0.996
ATM,9606.ENSP00000234420,9606.ENSP00000278616,0.999
ATM,9606.ENSP00000265433,9606.ENSP00000269305,0.763
ATM,9606.ENSP00000265433,9606.ENSP00000371475,0.923
ATM,9606.ENSP00000265433,9606.ENSP00000372023,0.935
ATM,9606.ENSP00000265433,9606.ENSP00000343741,0.964
ATM,9606.ENSP00000265433,9606.ENSP00000418960,0.993
ATM,9606.ENSP00000265433,9606.ENSP00000365588,0.994
ATM,9606.ENSP00000265433,9606.ENSP00000278616,0.999
ATM,9606.ENSP00000265433,9606.ENSP00000325863,0.999
ATM,9606.ENSP00000269305,9606.ENSP00000365588,0.853
ATM,9606.ENSP00000269305,9606.ENSP00000325863,0.905
ATM,9606.ENSP00000269305,9606.ENSP00000343741,0.996
ATM,9606.ENSP00000269305,9606.ENSP00000278616,0.999
ATM,9606.ENSP00000269305,9606.ENSP00000372023,0.999
ATM,9606.ENSP00000269305,9606.ENSP00000418960,0.999
ATM,9606.ENSP00000269305,9606.ENSP00000371475,0.999
ATM,9606.ENSP00000278616,9606.ENSP00000418960,0.999
ATM,9606.ENSP00000278616,9606.ENSP00000372023,0.999
ATM,9606.ENSP00000278616,9606.ENSP00000365588,0.999
ATM,9606.ENSP00000278616,9606.ENSP00000325863,0.999
ATM,9606.ENSP00000278616,9606.ENSP00000343741,0.999
ATM,9606.ENSP00000278616,9606.ENSP00000371475,0.999
ATM,9606.ENSP00000325863,9606.ENSP00000372023,0.9
ATM,9606.ENSP00000325863,9606.ENSP00000371475,0.938
ATM,9606.ENSP00000325863,9606.ENSP00000365588,0.956
ATM,9606.ENSP00000325863,9606.ENSP00000343741,0.968
ATM,9606.ENSP00000325863,9606.ENSP00000418960,0.999
ATM,9606.ENSP00000343741,9606.ENSP00000365588,0.889
ATM,9606.ENSP00000343741,9606.ENSP00000371475,0.975
ATM,9606.ENSP00000343741,9606.ENSP00000418960,0.996
ATM,9606.ENSP00000343741,9606.ENSP00000372023,0.998
ATM,9606.ENSP00000365588,9606.ENSP00000372023,0.99
ATM,9606.ENSP00000365588,9606.ENSP00000418960,0.999
ATM,9606.ENSP00000365588,9606.ENSP00000371475,0.999
ATM,9606.ENSP00000371475,9606.ENSP00000372023,0.996
ATM,9606.ENSP00000371475,9606.ENSP00000418960,0.999
ATM,9606.ENSP00000372023,9606.ENSP00000418960,0.999
ATR,9606.ENSP00000258774,9606.ENSP00000269305,0.712
ATR,9606.ENSP00000258774,9606.ENSP00000372023,0.758
ATR,9606.ENSP00000258774,9606.ENSP00000418960,0.87
ATR,9606.ENSP00000258774,9606.ENSP00000278616,0.928
ATR,9606.ENSP00000258774,9606.ENSP00000391090,0.96
ATR,9606.ENSP00000258774,9606.ENSP00000323099,0.974
ATR,9606.ENSP00000258774,9606.ENSP00000343741,0.992
ATR,9606.ENSP00000258774,9606.ENSP00000260810,0.996
ATR,9606.ENSP00000258774,9606.ENSP00000311360,0.999
ATR,9606.ENSP00000260810,9606.ENSP00000372023,0.827
ATR,9606.ENSP00000260810,9606.ENSP00000393139,0.878
ATR,9606.ENSP00000260810,9606.ENSP00000269305,0.949
ATR,9606.ENSP00000260810,9606.ENSP00000278616,0.954
ATR,9606.ENSP00000260810,9606.ENSP00000391090,0.989
ATR,9606.ENSP00000260810,9606.ENSP00000343741,0.996
ATR,9606.ENSP00000260810,9606.ENSP00000323099,0.999
ATR,9606.ENSP00000260810,9606.ENSP00000311360,0.999
ATR,9606.ENSP00000260810,9606.ENSP00000418960,0.999
ATR,9606.ENSP00000269305,9606.ENSP00000311360,0.813
ATR,9606.ENSP00000269305,9606.ENSP00000323099,0.84
ATR,9606.ENSP00000269305,9606.ENSP00000343741,0.996
ATR,9606.ENSP00000269305,9606.ENSP00000391090,0.997
ATR,9606.ENSP00000269305,9606.ENSP00000278616,0.999
ATR,9606.ENSP00000269305,9606.ENSP00000372023,0.999
ATR,9606.ENSP00000269305,9606.ENSP00000418960,0.999
ATR,9606.ENSP00000278616,9606.ENSP00000311360,0.961
ATR,9606.ENSP00000278616,9606.ENSP00000391090,0.998
ATR,9606.ENSP00000278616,9606.ENSP00000323099,0.998
ATR,9606.ENSP00000278616,9606.ENSP00000418960,0.999
ATR,9606.ENSP00000278616,9606.ENSP00000372023,0.999
ATR,9606.ENSP00000278616,9606.ENSP00000343741,0.999
ATR,9606.ENSP00000311360,9606.ENSP00000418960,0.895
ATR,9606.ENSP00000311360,9606.ENSP00000391090,0.963
ATR,9606.ENSP00000311360,9606.ENSP00000372023,0.981
ATR,9606.ENSP00000311360,9606.ENSP00000323099,0.992
ATR,9606.ENSP00000311360,9606.ENSP00000343741,0.994
ATR,9606.ENSP00000323099,9606.ENSP00000393139,0.785
ATR,9606.ENSP00000323099,9606.ENSP00000372023,0.824
ATR,9606.ENSP00000323099,9606.ENSP00000418960,0.972
ATR,9606.ENSP00000323099,9606.ENSP00000391090,0.981
ATR,9606.ENSP00000323099,9606.ENSP00000343741,0.999
ATR,9606.ENSP00000343741,9606.ENSP00000393139,0.992
ATR,9606.ENSP00000343741,9606.ENSP00000418960,0.996
ATR,9606.ENSP00000343741,9606.ENSP00000372023,0.998
ATR,9606.ENSP00000343741,9606.ENSP00000391090,0.999
ATR,9606.ENSP00000372023,9606.ENSP00000391090,0.971
ATR,9606.ENSP00000372023,9606.ENSP00000393139,0.988
ATR,9606.ENSP00000372023,9606.ENSP00000418960,0.999
ATR,9606.ENSP00000391090,9606.ENSP00000393139,0.911
ATR,9606.ENSP00000391090,9606.ENSP00000418960,0.996
FLT3,9606.ENSP00000227163,9606.ENSP00000241453,0.965
FLT3,9606.ENSP00000227163,9606.ENSP00000427514,0.99
FLT3,9606.ENSP00000241453,9606.ENSP00000428056,0.956
FLT3,9606.ENSP00000241453,9606.ENSP00000263967,0.958
FLT3,9606.ENSP00000241453,9606.ENSP00000341208,0.97
FLT3,9606.ENSP00000241453,9606.ENSP00000293328,0.97
FLT3,9606.ENSP00000241453,9606.ENSP00000264657,0.971
FLT3,9606.ENSP00000241453,9606.ENSP00000376345,0.972
FLT3,9606.ENSP00000241453,9606.ENSP00000427514,0.981
FLT3,9606.ENSP00000241453,9606.ENSP00000495951,0.983
FLT3,9606.ENSP00000241453,9606.ENSP00000469613,0.999
FLT3,9606.ENSP00000263967,9606.ENSP00000264657,0.859
FLT3,9606.ENSP00000263967,9606.ENSP00000376345,0.924
FLT3,9606.ENSP00000263967,9606.ENSP00000428056,0.999
FLT3,9606.ENSP00000264657,9606.ENSP00000495951,0.725
FLT3,9606.ENSP00000264657,9606.ENSP00000469613,0.795
FLT3,9606.ENSP00000264657,9606.ENSP00000427514,0.875
FLT3,9606.ENSP00000264657,9606.ENSP00000376345,0.892
FLT3,9606.ENSP00000264657,9606.ENSP00000428056,0.918
FLT3,9606.ENSP00000264657,9606.ENSP00000341208,0.997
FLT3,9606.ENSP00000264657,9606.ENSP00000293328,0.998
FLT3,9606.ENSP00000293328,9606.ENSP00000469613,0.71
FLT3,9606.ENSP00000293328,9606.ENSP00000495951,0.742
FLT3,9606.ENSP00000293328,9606.ENSP00000376345,0.852
FLT3,9606.ENSP00000293328,9606.ENSP00000341208,0.949
FLT3,9606.ENSP00000341208,9606.ENSP00000469613,0.725
FLT3,9606.ENSP00000341208,9606.ENSP00000495951,0.742
FLT3,9606.ENSP00000341208,9606.ENSP00000376345,0.854
FLT3,9606.ENSP00000376345,9606.ENSP00000428056,0.998
FLT3,9606.ENSP00000469613,9606.ENSP00000495951,0.982
LATS1,9606.ENSP00000273317,9606.ENSP00000324729,0.964
LATS1,9606.ENSP00000273317,9606.ENSP00000372035,0.966
LATS1,9606.ENSP00000273317,9606.ENSP00000437550,0.995
LATS1,9606.ENSP00000324729,9606.ENSP00000419465,0.895
LATS1,9606.ENSP00000324729,9606.ENSP00000361027,0.906
LATS1,9606.ENSP00000324729,9606.ENSP00000478927,0.932
LATS1,9606.ENSP00000324729,9606.ENSP00000344666,0.938
LATS1,9606.ENSP00000324729,9606.ENSP00000379366,0.939
LATS1,9606.ENSP00000324729,9606.ENSP00000379364,0.967
LATS1,9606.ENSP00000324729,9606.ENSP00000372035,0.998
LATS1,9606.ENSP00000324729,9606.ENSP00000429744,0.999
LATS1,9606.ENSP00000324729,9606.ENSP00000437550,0.999
LATS1,9606.ENSP00000344666,9606.ENSP00000478927,0.873
LATS1,9606.ENSP00000344666,9606.ENSP00000372035,0.996
LATS1,9606.ENSP00000344666,9606.ENSP00000437550,0.997
LATS1,9606.ENSP00000344666,9606.ENSP00000361027,0.998
LATS1,9606.ENSP00000361027,9606.ENSP00000379366,0.727
LATS1,9606.ENSP00000361027,9606.ENSP00000379364,0.817
LATS1,9606.ENSP00000361027,9606.ENSP00000372035,0.948
LATS1,9606.ENSP00000361027,9606.ENSP00000437550,0.982
LATS1,9606.ENSP00000361027,9606.ENSP00000419465,0.995
LATS1,9606.ENSP00000361027,9606.ENSP00000478927,0.998
LATS1,9606.ENSP00000372035,9606.ENSP00000429744,0.973
LATS1,9606.ENSP00000372035,9606.ENSP00000437550,0.989
LATS1,9606.ENSP00000372035,9606.ENSP00000419465,0.989
LATS1,9606.ENSP00000372035,9606.ENSP00000379366,0.996
LATS1,9606.ENSP00000372035,9606.ENSP00000379364,0.997
LATS1,9606.ENSP00000372035,9606.ENSP00000478927,0.999
LATS1,9606.ENSP00000379364,9606.ENSP00000478927,0.82
LATS1,9606.ENSP00000379364,9606.ENSP00000419465,0.833
LATS1,9606.ENSP00000379364,9606.ENSP00000379366,0.982
LATS1,9606.ENSP00000379364,9606.ENSP00000429744,0.998
LATS1,9606.ENSP00000379364,9606.ENSP00000437550,0.999
LATS1,9606.ENSP00000379366,9606.ENSP00000478927,0.786
LATS1,9606.ENSP00000379366,9606.ENSP00000419465,0.79
LATS1,9606.ENSP00000379366,9606.ENSP00000429744,0.972
LATS1,9606.ENSP00000379366,9606.ENSP00000437550,0.999
LATS1,9606.ENSP00000419465,9606.ENSP00000429744,0.862
LATS1,9606.ENSP00000419465,9606.ENSP00000478927,0.956
LATS1,9606.ENSP00000419465,9606.ENSP00000437550,0.997
LATS1,9606.ENSP00000429744,9606.ENSP00000478927,0.821
LATS1,9606.ENSP00000429744,9606.ENSP00000437550,0.99
LATS1,9606.ENSP00000437550,9606.ENSP00000478927,0.999
AXL,9606.ENSP00000244007,9606.ENSP00000262995,0.817
AXL,9606.ENSP00000244007,9606.ENSP00000401303,0.896
AXL,9606.ENSP00000244007,9606.ENSP00000362680,0.936
AXL,9606.ENSP00000244007,9606.ENSP00000301178,0.937
AXL,9606.ENSP00000244007,9606.ENSP00000482457,0.964
AXL,9606.ENSP00000244007,9606.ENSP00000371067,0.967
AXL,9606.ENSP00000244007,9606.ENSP00000376345,0.999
AXL,9606.ENSP00000262995,9606.ENSP00000362680,0.89
AXL,9606.ENSP00000262995,9606.ENSP00000301178,0.926
AXL,9606.ENSP00000262995,9606.ENSP00000401303,0.995
AXL,9606.ENSP00000262995,9606.ENSP00000376345,0.999
AXL,9606.ENSP00000270139,9606.ENSP00000301178,0.925
AXL,9606.ENSP00000270139,9606.ENSP00000371067,0.965
AXL,9606.ENSP00000301178,9606.ENSP00000371067,0.915
AXL,9606.ENSP00000301178,9606.ENSP00000482457,0.918
AXL,9606.ENSP00000301178,9606.ENSP00000376345,0.931
AXL,9606.ENSP00000301178,9606.ENSP00000401303,0.957
AXL,9606.ENSP00000301178,9606.ENSP00000362680,0.983
AXL,9606.ENSP00000301178,9606.ENSP00000377783,0.997
AXL,9606.ENSP00000301178,9606.ENSP00000331831,0.999
AXL,9606.ENSP00000331831,9606.ENSP00000377783,0.829
AXL,9606.ENSP00000362680,9606.ENSP00000371067,0.917
AXL,9606.ENSP00000362680,9606.ENSP00000482457,0.975
AXL,9606.ENSP00000362680,9606.ENSP00000401303,0.999
AXL,9606.ENSP00000362680,9606.ENSP00000376345,0.999
AXL,9606.ENSP00000371067,9606.ENSP00000482457,0.928
AXL,9606.ENSP00000371067,9606.ENSP00000376345,0.987
AXL,9606.ENSP00000371067,9606.ENSP00000401303,0.993
AXL,9606.ENSP00000376345,9606.ENSP00000482457,0.852
AXL,9606.ENSP00000376345,9606.ENSP00000401303,0.999
AXL,9606.ENSP00000401303,9606.ENSP00000482457,0.93
CHEK1,9606.ENSP00000269305,9606.ENSP00000303706,0.861
CHEK1,9606.ENSP00000269305,9606.ENSP00000321656,0.894
CHEK1,9606.ENSP00000269305,9606.ENSP00000343741,0.996
CHEK1,9606.ENSP00000269305,9606.ENSP00000391090,0.997
CHEK1,9606.ENSP00000269305,9606.ENSP00000278616,0.999
CHEK1,9606.ENSP00000269305,9606.ENSP00000418960,0.999
CHEK1,9606.ENSP00000269305,9606.ENSP00000493712,0.999
CHEK1,9606.ENSP00000278616,9606.ENSP00000405726,0.758
CHEK1,9606.ENSP00000278616,9606.ENSP00000321656,0.813
CHEK1,9606.ENSP00000278616,9606.ENSP00000450607,0.817
CHEK1,9606.ENSP00000278616,9606.ENSP00000303706,0.861
CHEK1,9606.ENSP00000278616,9606.ENSP00000312995,0.888
CHEK1,9606.ENSP00000278616,9606.ENSP00000493712,0.995
CHEK1,9606.ENSP00000278616,9606.ENSP00000391090,0.998
CHEK1,9606.ENSP00000278616,9606.ENSP00000418960,0.999
CHEK1,9606.ENSP00000278616,9606.ENSP00000343741,0.999
CHEK1,9606.ENSP00000303706,9606.ENSP00000312995,0.818
CHEK1,9606.ENSP00000303706,9606.ENSP00000343741,0.86
CHEK1,9606.ENSP00000303706,9606.ENSP00000418960,0.929
CHEK1,9606.ENSP00000303706,9606.ENSP00000405726,0.949
CHEK1,9606.ENSP00000303706,9606.ENSP00000321656,0.961
CHEK1,9606.ENSP00000303706,9606.ENSP00000391090,0.999
CHEK1,9606.ENSP00000312995,9606.ENSP00000321656,0.709
CHEK1,9606.ENSP00000312995,9606.ENSP00000418960,0.898
CHEK1,9606.ENSP00000312995,9606.ENSP00000343741,0.935
CHEK1,9606.ENSP00000312995,9606.ENSP00000405726,0.995
CHEK1,9606.ENSP00000312995,9606.ENSP00000391090,0.999
CHEK1,9606.ENSP00000312995,9606.ENSP00000450607,0.999
CHEK1,9606.ENSP00000321656,9606.ENSP00000418960,0.735
CHEK1,9606.ENSP00000321656,9606.ENSP00000343741,0.798
CHEK1,9606.ENSP00000321656,9606.ENSP00000405726,0.856
CHEK1,9606.ENSP00000321656,9606.ENSP00000391090,0.999
CHEK1,9606.ENSP00000343741,9606.ENSP00000450607,0.879
CHEK1,9606.ENSP00000343741,9606.ENSP00000405726,0.914
CHEK1,9606.ENSP00000343741,9606.ENSP00000493712,0.942
CHEK1,9606.ENSP00000343741,9606.ENSP00000418960,0.996
CHEK1,9606.ENSP00000343741,9606.ENSP00000391090,0.999
CHEK1,9606.ENSP00000391090,9606.ENSP00000450607,0.993
CHEK1,9606.ENSP00000391090,9606.ENSP00000405726,0.994
CHEK1,9606.ENSP00000391090,9606.ENSP00000418960,0.996
CHEK1,9606.ENSP00000391090,9606.ENSP00000493712,0.998
CHEK1,9606.ENSP00000405726,9606.ENSP00000418960,0.796
CHEK1,9606.ENSP00000405726,9606.ENSP00000493712,0.927
CHEK1,9606.ENSP00000405726,9606.ENSP00000450607,0.997
CHEK1,9606.ENSP00000418960,9606.ENSP00000493712,0.999
HIPK1,9606.ENSP00000266000,9606.ENSP00000407442,0.814
HIPK1,9606.ENSP00000266000,9606.ENSP00000269305,0.999
HIPK1,9606.ENSP00000269305,9606.ENSP00000407442,0.967
HIPK1,9606.ENSP00000407442,9606.ENSP00000462099,0.929
MAPK1,9606.ENSP00000215832,9606.ENSP00000239223,0.996
MAPK1,9606.ENSP00000215832,9606.ENSP00000264657,0.996
MAPK1,9606.ENSP00000215832,9606.ENSP00000309116,0.998
MAPK1,9606.ENSP00000215832,9606.ENSP00000357055,0.998
MAPK1,9606.ENSP00000215832,9606.ENSP00000269305,0.998
MAPK1,9606.ENSP00000215832,9606.ENSP00000360266,0.998
MAPK1,9606.ENSP00000215832,9606.ENSP00000302486,0.999
MAPK1,9606.ENSP00000215832,9606.ENSP00000435412,0.999
MAPK1,9606.ENSP00000215832,9606.ENSP00000262948,0.999
MAPK1,9606.ENSP00000215832,9606.ENSP00000498083,0.999
MAPK1,9606.ENSP00000239223,9606.ENSP00000360266,0.911
MAPK1,9606.ENSP00000262948,9606.ENSP00000302486,0.996
MAPK1,9606.ENSP00000264657,9606.ENSP00000269305,0.994
MAPK1,9606.ENSP00000264657,9606.ENSP00000360266,0.995
MAPK1,9606.ENSP00000269305,9606.ENSP00000360266,0.997
MAPK1,9606.ENSP00000302486,9606.ENSP00000360266,0.808
ABL1,9606.ENSP00000264033,9606.ENSP00000303507,0.971
ABL1,9606.ENSP00000264033,9606.ENSP00000401303,0.996
ABL1,9606.ENSP00000264033,9606.ENSP00000361423,0.996
ABL1,9606.ENSP00000264033,9606.ENSP00000376345,0.999
ABL1,9606.ENSP00000264033,9606.ENSP00000346300,0.999
ABL1,9606.ENSP00000264033,9606.ENSP00000300574,0.999
ABL1,9606.ENSP00000278616,9606.ENSP00000361423,0.988
ABL1,9606.ENSP00000293328,9606.ENSP00000376345,0.852
ABL1,9606.ENSP00000293328,9606.ENSP00000303507,0.936
ABL1,9606.ENSP00000293328,9606.ENSP00000346300,0.983
ABL1,9606.ENSP00000293328,9606.ENSP00000361423,0.983
ABL1,9606.ENSP00000300574,9606.ENSP00000365312,0.726
ABL1,9606.ENSP00000300574,9606.ENSP00000303507,0.945
ABL1,9606.ENSP00000300574,9606.ENSP00000401303,0.966
ABL1,9606.ENSP00000300574,9606.ENSP00000346300,0.979
ABL1,9606.ENSP00000300574,9606.ENSP00000376345,0.98
ABL1,9606.ENSP00000300574,9606.ENSP00000361423,0.999
ABL1,9606.ENSP00000303507,9606.ENSP00000401303,0.925
ABL1,9606.ENSP00000303507,9606.ENSP00000346300,0.975
ABL1,9606.ENSP00000303507,9606.ENSP00000376345,0.994
ABL1,9606.ENSP00000303507,9606.ENSP00000361423,0.996
ABL1,9606.ENSP00000310406,9606.ENSP00000361423,0.997
ABL1,9606.ENSP00000346300,9606.ENSP00000376345,0.921
ABL1,9606.ENSP00000346300,9606.ENSP00000401303,0.936
ABL1,9606.ENSP00000346300,9606.ENSP00000361423,0.998
ABL1,9606.ENSP00000361423,9606.ENSP00000401303,0.991
ABL1,9606.ENSP00000361423,9606.ENSP00000365312,0.998
ABL1,9606.ENSP00000361423,9606.ENSP00000376345,0.999
ABL1,9606.ENSP00000365312,9606.ENSP00000376345,0.73
ABL1,9606.ENSP00000376345,9606.ENSP00000401303,0.999
SRC,9606.ENSP00000261799,9606.ENSP00000300574,0.82
SRC,9606.ENSP00000261799,9606.ENSP00000269571,0.874
SRC,9606.ENSP00000261799,9606.ENSP00000264657,0.915
SRC,9606.ENSP00000261799,9606.ENSP00000275493,0.998
SRC,9606.ENSP00000261799,9606.ENSP00000362680,0.999
SRC,9606.ENSP00000264033,9606.ENSP00000267257,0.871
SRC,9606.ENSP00000264033,9606.ENSP00000264657,0.88
SRC,9606.ENSP00000264033,9606.ENSP00000269571,0.944
SRC,9606.ENSP00000264033,9606.ENSP00000362680,0.999
SRC,9606.ENSP00000264033,9606.ENSP00000275493,0.999
SRC,9606.ENSP00000264033,9606.ENSP00000300574,0.999
SRC,9606.ENSP00000264657,9606.ENSP00000267257,0.773
SRC,9606.ENSP00000264657,9606.ENSP00000269571,0.948
SRC,9606.ENSP00000264657,9606.ENSP00000335153,0.971
SRC,9606.ENSP00000264657,9606.ENSP00000275493,0.998
SRC,9606.ENSP00000264657,9606.ENSP00000362680,0.999
SRC,9606.ENSP00000267257,9606.ENSP00000269571,0.721
SRC,9606.ENSP00000267257,9606.ENSP00000275493,0.825
SRC,9606.ENSP00000267257,9606.ENSP00000320176,0.994
SRC,9606.ENSP00000267257,9606.ENSP00000362680,0.999
SRC,9606.ENSP00000267257,9606.ENSP00000316029,0.999
SRC,9606.ENSP00000267257,9606.ENSP00000300574,0.999
SRC,9606.ENSP00000269571,9606.ENSP00000300574,0.759
SRC,9606.ENSP00000269571,9606.ENSP00000275493,0.999
SRC,9606.ENSP00000269571,9606.ENSP00000362680,0.999
SRC,9606.ENSP00000269571,9606.ENSP00000335153,0.999
SRC,9606.ENSP00000275493,9606.ENSP00000300574,0.997
SRC,9606.ENSP00000275493,9606.ENSP00000335153,0.999
SRC,9606.ENSP00000275493,9606.ENSP00000362680,0.999
SRC,9606.ENSP00000300574,9606.ENSP00000316029,0.741
SRC,9606.ENSP00000300574,9606.ENSP00000335153,0.747
SRC,9606.ENSP00000300574,9606.ENSP00000320176,0.945
SRC,9606.ENSP00000300574,9606.ENSP00000362680,0.999
SRC,9606.ENSP00000316029,9606.ENSP00000320176,0.938
SRC,9606.ENSP00000316029,9606.ENSP00000362680,0.999
SRC,9606.ENSP00000320176,9606.ENSP00000362680,0.999
SRC,9606.ENSP00000335153,9606.ENSP00000362680,0.999
GSK3B,9606.ENSP00000257430,9606.ENSP00000368166,0.989
GSK3B,9606.ENSP00000257430,9606.ENSP00000359206,0.998
GSK3B,9606.ENSP00000257430,9606.ENSP00000261798,0.999
GSK3B,9606.ENSP00000257430,9606.ENSP00000324806,0.999
GSK3B,9606.ENSP00000257430,9606.ENSP00000262320,0.999
GSK3B,9606.ENSP00000257430,9606.ENSP00000495360,0.999
GSK3B,9606.ENSP00000257430,9606.ENSP00000302625,0.999
GSK3B,9606.ENSP00000261798,9606.ENSP00000359206,0.926
GSK3B,9606.ENSP00000261798,9606.ENSP00000368166,0.934
GSK3B,9606.ENSP00000261798,9606.ENSP00000302625,0.997
GSK3B,9606.ENSP00000261798,9606.ENSP00000262320,0.999
GSK3B,9606.ENSP00000261798,9606.ENSP00000324806,0.999
GSK3B,9606.ENSP00000261798,9606.ENSP00000495360,0.999
GSK3B,9606.ENSP00000262320,9606.ENSP00000451828,0.912
GSK3B,9606.ENSP00000262320,9606.ENSP00000360060,0.992
GSK3B,9606.ENSP00000262320,9606.ENSP00000359206,0.999
GSK3B,9606.ENSP00000262320,9606.ENSP00000495360,0.999
GSK3B,9606.ENSP00000262320,9606.ENSP00000368166,0.999
GSK3B,9606.ENSP00000262320,9606.ENSP00000302625,0.999
GSK3B,9606.ENSP00000262320,9606.ENSP00000324806,0.999
GSK3B,9606.ENSP00000302625,9606.ENSP00000359206,0.935
GSK3B,9606.ENSP00000302625,9606.ENSP00000368166,0.991
GSK3B,9606.ENSP00000302625,9606.ENSP00000324806,0.999
GSK3B,9606.ENSP00000302625,9606.ENSP00000495360,0.999
GSK3B,9606.ENSP00000324806,9606.ENSP00000451828,0.996
GSK3B,9606.ENSP00000324806,9606.ENSP00000340820,0.999
GSK3B,9606.ENSP00000324806,9606.ENSP00000360060,0.999
GSK3B,9606.ENSP00000324806,9606.ENSP00000359206,0.999
GSK3B,9606.ENSP00000324806,9606.ENSP00000368166,0.999
GSK3B,9606.ENSP00000324806,9606.ENSP00000495360,0.999
GSK3B,9606.ENSP00000340820,9606.ENSP00000451828,0.872
GSK3B,9606.ENSP00000359206,9606.ENSP00000368166,0.802
GSK3B,9606.ENSP00000359206,9606.ENSP00000495360,0.999
GSK3B,9606.ENSP00000360060,9606.ENSP00000495360,0.81
GSK3B,9606.ENSP00000360060,9606.ENSP00000368166,0.996
GSK3B,9606.ENSP00000368166,9606.ENSP00000451828,0.74
GSK3B,9606.ENSP00000368166,9606.ENSP00000495360,0.994
GSK3B,9606.ENSP00000451828,9606.ENSP00000495360,0.979
MAPK3,9606.ENSP00000215832,9606.ENSP00000403701,0.985
MAPK3,9606.ENSP00000215832,9606.ENSP00000409581,0.989
MAPK3,9606.ENSP00000215832,9606.ENSP00000306245,0.992
MAPK3,9606.ENSP00000215832,9606.ENSP00000263025,0.994
MAPK3,9606.ENSP00000215832,9606.ENSP00000239223,0.996
MAPK3,9606.ENSP00000215832,9606.ENSP00000309116,0.998
MAPK3,9606.ENSP00000215832,9606.ENSP00000269305,0.998
MAPK3,9606.ENSP00000215832,9606.ENSP00000302486,0.999
MAPK3,9606.ENSP00000215832,9606.ENSP00000435412,0.999
MAPK3,9606.ENSP00000215832,9606.ENSP00000262948,0.999
MAPK3,9606.ENSP00000239223,9606.ENSP00000306245,0.961
MAPK3,9606.ENSP00000239223,9606.ENSP00000263025,0.996
MAPK3,9606.ENSP00000262948,9606.ENSP00000263025,0.99
MAPK3,9606.ENSP00000262948,9606.ENSP00000302486,0.996
MAPK3,9606.ENSP00000263025,9606.ENSP00000435412,0.99
MAPK3,9606.ENSP00000263025,9606.ENSP00000409581,0.991
MAPK3,9606.ENSP00000263025,9606.ENSP00000309116,0.992
MAPK3,9606.ENSP00000263025,9606.ENSP00000306245,0.994
MAPK3,9606.ENSP00000263025,9606.ENSP00000269305,0.994
MAPK3,9606.ENSP00000263025,9606.ENSP00000403701,0.996
MAPK3,9606.ENSP00000263025,9606.ENSP00000302486,0.999
MAPK3,9606.ENSP00000269305,9606.ENSP00000306245,0.952
MAPK3,9606.ENSP00000302486,9606.ENSP00000409581,0.875
MAPK3,9606.ENSP00000302486,9606.ENSP00000403701,0.975
MAPK3,9606.ENSP00000306245,9606.ENSP00000435412,0.729
MAPK3,9606.ENSP00000403701,9606.ENSP00000409581,0.986
PRKCA,9606.ENSP00000244007,9606.ENSP00000263431,0.918
PRKCA,9606.ENSP00000244007,9606.ENSP00000331602,0.924
PRKCA,9606.ENSP00000244007,9606.ENSP00000496129,0.952
PRKCA,9606.ENSP00000244007,9606.ENSP00000408695,0.958
PRKCA,9606.ENSP00000263431,9606.ENSP00000385205,0.771
PRKCA,9606.ENSP00000263431,9606.ENSP00000289473,0.903
PRKCA,9606.ENSP00000263431,9606.ENSP00000354558,0.921
PRKCA,9606.ENSP00000263431,9606.ENSP00000496129,0.946
PRKCA,9606.ENSP00000263431,9606.ENSP00000408695,0.984
PRKCA,9606.ENSP00000289473,9606.ENSP00000331602,0.966
PRKCA,9606.ENSP00000289473,9606.ENSP00000408695,0.969
PRKCA,9606.ENSP00000289473,9606.ENSP00000496129,0.975
PRKCA,9606.ENSP00000331602,9606.ENSP00000496129,0.966
PRKCA,9606.ENSP00000331602,9606.ENSP00000408695,0.967
PRKCA,9606.ENSP00000342793,9606.ENSP00000408695,0.96
PRKCA,9606.ENSP00000354558,9606.ENSP00000496129,0.937
PRKCA,9606.ENSP00000354558,9606.ENSP00000408695,0.969
PRKCA,9606.ENSP00000361818,9606.ENSP00000408695,0.997
PRKCA,9606.ENSP00000385205,9606.ENSP00000408695,0.996
PRKCA,9606.ENSP00000408695,9606.ENSP00000496129,0.963
PRKCA,9606.ENSP00000408695,9606.ENSP00000426909,0.97
PRKCA,9606.ENSP00000426909,9606.ENSP00000496129,0.925
CHK2,9606.ENSP00000269305,9606.ENSP00000365588,0.853
CHK2,9606.ENSP00000269305,9606.ENSP00000303706,0.861
CHK2,9606.ENSP00000269305,9606.ENSP00000321656,0.894
CHK2,9606.ENSP00000269305,9606.ENSP00000369497,0.995
CHK2,9606.ENSP00000269305,9606.ENSP00000343741,0.996
CHK2,9606.ENSP00000269305,9606.ENSP00000278616,0.999
CHK2,9606.ENSP00000269305,9606.ENSP00000372023,0.999
CHK2,9606.ENSP00000269305,9606.ENSP00000418960,0.999
CHK2,9606.ENSP00000269305,9606.ENSP00000371475,0.999
CHK2,9606.ENSP00000278616,9606.ENSP00000321656,0.813
CHK2,9606.ENSP00000278616,9606.ENSP00000303706,0.861
CHK2,9606.ENSP00000278616,9606.ENSP00000369497,0.995
CHK2,9606.ENSP00000278616,9606.ENSP00000418960,0.999
CHK2,9606.ENSP00000278616,9606.ENSP00000372023,0.999
CHK2,9606.ENSP00000278616,9606.ENSP00000365588,0.999
CHK2,9606.ENSP00000278616,9606.ENSP00000343741,0.999
CHK2,9606.ENSP00000278616,9606.ENSP00000371475,0.999
CHK2,9606.ENSP00000303706,9606.ENSP00000393139,0.737
CHK2,9606.ENSP00000303706,9606.ENSP00000343741,0.86
CHK2,9606.ENSP00000303706,9606.ENSP00000418960,0.929
CHK2,9606.ENSP00000303706,9606.ENSP00000321656,0.961
CHK2,9606.ENSP00000303706,9606.ENSP00000372023,0.998
CHK2,9606.ENSP00000321656,9606.ENSP00000418960,0.735
CHK2,9606.ENSP00000321656,9606.ENSP00000343741,0.798
CHK2,9606.ENSP00000321656,9606.ENSP00000372023,0.998
CHK2,9606.ENSP00000343741,9606.ENSP00000369497,0.831
CHK2,9606.ENSP00000343741,9606.ENSP00000365588,0.889
CHK2,9606.ENSP00000343741,9606.ENSP00000371475,0.975
CHK2,9606.ENSP00000343741,9606.ENSP00000393139,0.992
CHK2,9606.ENSP00000343741,9606.ENSP00000418960,0.996
CHK2,9606.ENSP00000343741,9606.ENSP00000372023,0.998
CHK2,9606.ENSP00000365588,9606.ENSP00000369497,0.857
CHK2,9606.ENSP00000365588,9606.ENSP00000372023,0.99
CHK2,9606.ENSP00000365588,9606.ENSP00000418960,0.999
CHK2,9606.ENSP00000365588,9606.ENSP00000371475,0.999
CHK2,9606.ENSP00000369497,9606.ENSP00000371475,0.922
CHK2,9606.ENSP00000369497,9606.ENSP00000372023,0.985
CHK2,9606.ENSP00000369497,9606.ENSP00000418960,0.999
CHK2,9606.ENSP00000371475,9606.ENSP00000372023,0.996
CHK2,9606.ENSP00000371475,9606.ENSP00000418960,0.999
CHK2,9606.ENSP00000372023,9606.ENSP00000393139,0.988
CHK2,9606.ENSP00000372023,9606.ENSP00000418960,0.999
